{"accuracy": {"linkact-32": [0.8525798525798526, 0.85995085995086, 0.8525798525798526, 0.8452088452088452, 0.8452088452088452, 0.855036855036855, 0.8525798525798526, 0.8304668304668305, 0.8452088452088452, 0.8427518427518428, 0.8427518427518428, 0.8304668304668305, 0.8452088452088452, 0.855036855036855, 0.8427518427518428, 0.8353808353808354, 0.8378378378378378, 0.85995085995086, 0.855036855036855, 0.8402948402948403, 0.8353808353808354, 0.8525798525798526, 0.8476658476658476, 0.8476658476658476, 0.8476658476658476, 0.8452088452088452, 0.8476658476658476, 0.8427518427518428, 0.8476658476658476, 0.8574938574938575], "relu-32": [0.8132678132678133, 0.8230958230958231, 0.8452088452088452, 0.828009828009828, 0.828009828009828, 0.8255528255528255, 0.8452088452088452, 0.8304668304668305, 0.8157248157248157, 0.8255528255528255, 0.8304668304668305, 0.7985257985257985, 0.8181818181818182, 0.8206388206388207, 0.8255528255528255, 0.8157248157248157, 0.828009828009828, 0.828009828009828, 0.8452088452088452, 0.8108108108108109, 0.828009828009828, 0.8034398034398035, 0.8402948402948403, 0.8329238329238329, 0.8378378378378378, 0.8230958230958231, 0.8402948402948403, 0.800982800982801, 0.828009828009828, 0.8181818181818182], "rand-32": [0.5626535626535627, 0.5626535626535627, 0.5626535626535627, 0.5626535626535627, 0.5626535626535627, 0.5626535626535627, 0.5626535626535627, 0.5626535626535627, 0.5626535626535627, 0.5626535626535627, 0.5626535626535627, 0.5626535626535627, 0.5626535626535627, 0.5626535626535627, 0.5626535626535627, 0.5626535626535627, 0.5626535626535627, 0.5626535626535627, 0.5626535626535627, 0.5626535626535627, 0.5626535626535627, 0.5626535626535627, 0.5626535626535627, 0.5626535626535627, 0.5626535626535627, 0.5626535626535627, 0.5626535626535627, 0.5626535626535627, 0.5626535626535627, 0.5626535626535627], "tanh-32": [0.8132678132678133, 0.8206388206388207, 0.8206388206388207, 0.828009828009828, 0.8181818181818182, 0.8402948402948403, 0.8402948402948403, 0.8083538083538083, 0.8452088452088452, 0.8181818181818182, 0.8378378378378378, 0.800982800982801, 0.8353808353808354, 0.8353808353808354, 0.8206388206388207, 0.8230958230958231, 0.8181818181818182, 0.8353808353808354, 0.8402948402948403, 0.8230958230958231, 0.8181818181818182, 0.8132678132678133, 0.8230958230958231, 0.8353808353808354, 0.8476658476658476, 0.8255528255528255, 0.8304668304668305, 0.8157248157248157, 0.8206388206388207, 0.8452088452088452], "linkact-64": [0.8525798525798526, 0.8624078624078624, 0.855036855036855, 0.8476658476658476, 0.8452088452088452, 0.8525798525798526, 0.8501228501228502, 0.8304668304668305, 0.8525798525798526, 0.8378378378378378, 0.8501228501228502, 0.8304668304668305, 0.8452088452088452, 0.8525798525798526, 0.8427518427518428, 0.8329238329238329, 0.8304668304668305, 0.85995085995086, 0.855036855036855, 0.8353808353808354, 0.828009828009828, 0.8501228501228502, 0.8501228501228502, 0.8452088452088452, 0.8476658476658476, 0.8476658476658476, 0.8476658476658476, 0.8378378378378378, 0.8378378378378378, 0.855036855036855], "relu-64": [0.8304668304668305, 0.8329238329238329, 0.8304668304668305, 0.8304668304668305, 0.8427518427518428, 0.8181818181818182, 0.8501228501228502, 0.8255528255528255, 0.8230958230958231, 0.8452088452088452, 0.8378378378378378, 0.8230958230958231, 0.8304668304668305, 0.8402948402948403, 0.8329238329238329, 0.8181818181818182, 0.8255528255528255, 0.8353808353808354, 0.8255528255528255, 0.8058968058968059, 0.828009828009828, 0.8083538083538083, 0.8255528255528255, 0.8206388206388207, 0.8402948402948403, 0.8329238329238329, 0.8329238329238329, 0.8108108108108109, 0.8255528255528255, 0.8353808353808354], "rand-64": [0.5626535626535627, 0.5626535626535627, 0.5626535626535627, 0.5626535626535627, 0.5626535626535627, 0.5626535626535627, 0.5626535626535627, 0.5626535626535627, 0.5626535626535627, 0.5626535626535627, 0.5626535626535627, 0.5626535626535627, 0.5626535626535627, 0.5626535626535627, 0.5626535626535627, 0.5626535626535627, 0.5626535626535627, 0.5626535626535627, 0.5626535626535627, 0.5626535626535627, 0.5626535626535627, 0.5626535626535627, 0.5626535626535627, 0.5626535626535627, 0.5626535626535627, 0.5626535626535627, 0.5626535626535627, 0.5626535626535627, 0.5626535626535627, 0.5626535626535627], "tanh-64": [0.8230958230958231, 0.8378378378378378, 0.8476658476658476, 0.8255528255528255, 0.8181818181818182, 0.8378378378378378, 0.8452088452088452, 0.8132678132678133, 0.8329238329238329, 0.8304668304668305, 0.8427518427518428, 0.8181818181818182, 0.8255528255528255, 0.8230958230958231, 0.8255528255528255, 0.8230958230958231, 0.8255528255528255, 0.8378378378378378, 0.8525798525798526, 0.8157248157248157, 0.8255528255528255, 0.8181818181818182, 0.8378378378378378, 0.8255528255528255, 0.8452088452088452, 0.8304668304668305, 0.8353808353808354, 0.8378378378378378, 0.8157248157248157, 0.8476658476658476]}, "sensitivity": {"linkact-32": [0.8202247191011236, 0.8314606741573034, 0.8258426966292135, 0.797752808988764, 0.8202247191011236, 0.8258426966292135, 0.8202247191011236, 0.8089887640449438, 0.797752808988764, 0.8033707865168539, 0.797752808988764, 0.7808988764044944, 0.8033707865168539, 0.8089887640449438, 0.797752808988764, 0.7921348314606742, 0.797752808988764, 0.8146067415730337, 0.8089887640449438, 0.797752808988764, 0.7921348314606742, 0.8033707865168539, 0.8033707865168539, 0.8202247191011236, 0.8089887640449438, 0.8089887640449438, 0.7921348314606742, 0.797752808988764, 0.8089887640449438, 0.8202247191011236], "relu-32": [0.7584269662921348, 0.797752808988764, 0.8146067415730337, 0.7752808988764045, 0.8089887640449438, 0.7865168539325843, 0.8089887640449438, 0.797752808988764, 0.7865168539325843, 0.8033707865168539, 0.7808988764044944, 0.7921348314606742, 0.8033707865168539, 0.7808988764044944, 0.797752808988764, 0.7921348314606742, 0.7865168539325843, 0.7921348314606742, 0.8089887640449438, 0.7808988764044944, 0.7865168539325843, 0.7808988764044944, 0.8202247191011236, 0.7865168539325843, 0.8314606741573034, 0.7865168539325843, 0.8146067415730337, 0.7921348314606742, 0.7921348314606742, 0.7808988764044944], "rand-32": [0.0, 0.0, 0.0, 0.0, 0.0, 0.0, 0.0, 0.0, 0.0, 0.0, 0.0, 0.0, 0.0, 0.0, 0.0, 0.0, 0.0, 0.0, 0.0, 0.0, 0.0, 0.0, 0.0, 0.0, 0.0, 0.0, 0.0, 0.0, 0.0, 0.0], "tanh-32": [0.7921348314606742, 0.7921348314606742, 0.8033707865168539, 0.7808988764044944, 0.7921348314606742, 0.7921348314606742, 0.8089887640449438, 0.7640449438202247, 0.8033707865168539, 0.7921348314606742, 0.797752808988764, 0.7696629213483146, 0.7921348314606742, 0.797752808988764, 0.7921348314606742, 0.7921348314606742, 0.7696629213483146, 0.7865168539325843, 0.8033707865168539, 0.7808988764044944, 0.7696629213483146, 0.7921348314606742, 0.7808988764044944, 0.8033707865168539, 0.8146067415730337, 0.7865168539325843, 0.7921348314606742, 0.7752808988764045, 0.797752808988764, 0.8146067415730337], "linkact-64": [0.8202247191011236, 0.8314606741573034, 0.8314606741573034, 0.8033707865168539, 0.8146067415730337, 0.8258426966292135, 0.8202247191011236, 0.8089887640449438, 0.8146067415730337, 0.797752808988764, 0.8089887640449438, 0.7865168539325843, 0.8033707865168539, 0.8089887640449438, 0.8033707865168539, 0.7921348314606742, 0.7808988764044944, 0.8146067415730337, 0.8089887640449438, 0.7921348314606742, 0.7921348314606742, 0.8033707865168539, 0.8089887640449438, 0.8146067415730337, 0.8089887640449438, 0.8089887640449438, 0.7921348314606742, 0.797752808988764, 0.7865168539325843, 0.8202247191011236],